{"loss": [337.8787536621094, 221.43447875976562, 56.26274871826172, 5.415800094604492, 0.8707979321479797, 0.551857590675354, 0.4326508343219757, 0.2982165813446045, 0.34010887145996094, 0.28418412804603577, 0.2780696153640747, 0.29021328687667847, 0.265406996011734, 0.2615186870098114, 0.24945290386676788, 0.2625005543231964, 0.6191181540489197, 0.5553553104400635, 0.3588465452194214, 0.3015064597129822, 0.30093804001808167, 0.24273966252803802, 0.21744312345981598, 0.21052782237529755, 0.2057281732559204], "accuracy": [0.0, 0.0, 0.0, 0.0, 0.0, 0.0, 0.0, 0.0, 0.0, 0.0, 0.0, 0.0, 0.0, 0.0, 0.0, 0.0, 0.0, 0.0, 0.0, 0.0, 0.0, 0.0, 0.0, 0.0, 0.0], "val_loss": [298.41644287109375, 106.69013214111328, 10.377948760986328, 1.1204289197921753, 0.4623803198337555, 0.38955724239349365, 0.3392185866832733, 0.35664424300193787, 0.2764599919319153, 0.28308379650115967, 0.2990431487560272, 0.2553093731403351, 0.2797268033027649, 0.23682266473770142, 0.264118492603302, 0.2934524714946747, 0.4286818206310272, 0.3724328577518463, 0.22413849830627441, 0.2813436686992645, 0.23443904519081116, 0.20865879952907562, 0.20575788617134094, 0.20410358905792236, 0.21262888610363007], "val_accuracy": [0.0, 0.0, 0.0, 0.0, 0.0, 0.0, 0.0, 0.0, 0.0, 0.0, 0.0, 0.0, 0.0, 0.0, 0.0, 0.0, 0.0, 0.0, 0.0, 0.0, 0.0, 0.0, 0.0, 0.0, 0.0]}