{"loss": [273.0993347167969, 43.105133056640625, 3.92222261428833, 1.8274593353271484, 0.7590115666389465, 0.5837136507034302, 0.4581143856048584, 0.46124178171157837, 0.39924851059913635, 0.38666144013404846, 0.3832787573337555, 0.35336461663246155, 0.34419697523117065, 0.33711937069892883, 0.33140090107917786, 0.31252461671829224, 0.3142903745174408, 0.31910645961761475, 0.34237098693847656, 0.28972458839416504, 0.3968047797679901, 0.2794240713119507, 0.2679198384284973, 0.2575362026691437, 0.2346491813659668, 0.23036128282546997, 0.21305805444717407, 0.23650981485843658, 0.20023703575134277, 0.22360126674175262, 0.20850896835327148, 0.21810239553451538, 0.1881050020456314, 0.19859464466571808, 0.18489019572734833, 0.1794152408838272, 0.17180375754833221, 0.18954172730445862, 0.33720991015434265, 0.19322499632835388, 0.1825537383556366, 0.20228753983974457, 0.17985734343528748, 0.15931382775306702, 0.15636137127876282, 0.16450338065624237, 0.16287773847579956, 0.1510792374610901, 0.16185840964317322, 0.17330624163150787, 0.17464931309223175, 0.18038322031497955, 0.1721043437719345, 0.1863844394683838, 0.162031352519989, 0.1579393446445465, 0.14593960344791412, 0.14276520907878876, 0.140879824757576, 0.15658529102802277, 0.13808321952819824, 0.13875944912433624, 0.14083243906497955, 0.15852943062782288, 0.13556888699531555, 0.14031511545181274, 0.15628555417060852, 0.13594824075698853, 0.15965667366981506, 0.1576317548751831, 0.15512488782405853, 0.16310182213783264, 0.16218498349189758, 0.1453179568052292, 0.13450230658054352, 0.13835090398788452, 0.13660171627998352, 0.15733300149440765, 0.1528278887271881, 0.16172835230827332, 0.1406022608280182, 0.1473860889673233, 0.13196010887622833, 0.14292195439338684, 0.14205369353294373, 0.1598031222820282, 0.13472694158554077, 0.13530714809894562, 0.13195128738880157, 0.147616907954216, 0.24730832874774933, 0.2428300380706787, 0.14089176058769226, 0.13775582611560822, 0.1531984508037567, 0.13799375295639038, 0.13467824459075928, 0.17831651866436005, 0.14856447279453278, 0.13829408586025238], "accuracy": [0.0, 0.0, 0.0, 0.0, 0.0, 0.0, 0.0, 0.0, 0.0, 0.0, 0.0, 0.0, 0.0, 0.0, 0.0, 0.0, 0.0, 0.0, 0.0, 0.0, 0.0, 0.0, 0.0, 0.0, 0.0, 0.0, 0.0, 0.0, 0.0, 0.0, 0.0, 0.0, 0.0, 0.0, 0.0, 0.0, 0.0, 0.0, 0.0, 0.0, 0.0, 0.0, 0.0, 0.0, 0.0, 0.0, 0.0, 0.0, 0.0, 0.0, 0.0, 0.0, 0.0, 0.0, 0.0, 0.0, 0.0, 0.0, 0.0, 0.0, 0.0, 0.0, 0.0, 0.0, 0.0, 0.0, 0.0, 0.0, 0.0, 0.0, 0.0, 0.0, 0.0, 0.0, 0.0, 0.0, 0.0, 0.0, 0.0, 0.0, 0.0, 0.0, 0.0, 0.0, 0.0, 0.0, 0.0, 0.0, 0.0, 0.0, 0.0, 0.0, 0.0, 0.0, 0.0, 0.0, 0.0, 0.0, 0.0, 0.0], "val_loss": [129.87628173828125, 4.202580451965332, 2.290675163269043, 1.47957444190979, 0.4780111312866211, 0.627480149269104, 0.4801764488220215, 0.3937494158744812, 0.43149006366729736, 0.37263160943984985, 0.34187090396881104, 0.34255343675613403, 0.3321413993835449, 0.3327123522758484, 0.38425809144973755, 0.3572472929954529, 0.3561660349369049, 0.3300802707672119, 0.317401647567749, 0.3021948039531708, 0.27670013904571533, 0.24875815212726593, 0.24413083493709564, 0.25918012857437134, 0.2263033092021942, 0.2311612367630005, 0.19384145736694336, 0.22626331448554993, 0.1969572752714157, 0.20830316841602325, 0.21609088778495789, 0.18435576558113098, 0.23234166204929352, 0.17375336587429047, 0.1765715628862381, 0.17573709785938263, 0.16787588596343994, 0.49761784076690674, 0.19053566455841064, 0.2861269414424896, 0.19480949640274048, 0.2201656699180603, 0.15924236178398132, 0.152805894613266, 0.14943116903305054, 0.154091939330101, 0.15270912647247314, 0.1510685384273529, 0.16556976735591888, 0.18380694091320038, 0.15866433084011078, 0.15439873933792114, 0.16504491865634918, 0.16708295047283173, 0.1399707794189453, 0.14822575449943542, 0.1356276124715805, 0.1363278031349182, 0.14187099039554596, 0.13713958859443665, 0.1461956799030304, 0.13834334909915924, 0.16771794855594635, 0.13854184746742249, 0.13793691992759705, 0.1304454356431961, 0.13297511637210846, 0.13067232072353363, 0.1883230358362198, 0.12953956425189972, 0.28575628995895386, 0.16740185022354126, 0.13581861555576324, 0.137103870511055, 0.12860779464244843, 0.14045993983745575, 0.13926678895950317, 0.13625165820121765, 0.21655023097991943, 0.1385773867368698, 0.19132664799690247, 0.1314101219177246, 0.12824203073978424, 0.13931548595428467, 0.1404174566268921, 0.13938254117965698, 0.12631265819072723, 0.12766268849372864, 0.1685042381286621, 0.1652936488389969, 0.4564138352870941, 0.16911040246486664, 0.1369362324476242, 0.12640489637851715, 0.16108082234859467, 0.12882639467716217, 0.16735368967056274, 0.13196012377738953, 0.12704531848430634, 0.12538720667362213], "val_accuracy": [0.0, 0.0, 0.0, 0.0, 0.0, 0.0, 0.0, 0.0, 0.0, 0.0, 0.0, 0.0, 0.0, 0.0, 0.0, 0.0, 0.0, 0.0, 0.0, 0.0, 0.0, 0.0, 0.0, 0.0, 0.0, 0.0, 0.0, 0.0, 0.0, 0.0, 0.0, 0.0, 0.0, 0.0, 0.0, 0.0, 0.0, 0.0, 0.0, 0.0, 0.0, 0.0, 0.0, 0.0, 0.0, 0.0, 0.0, 0.0, 0.0, 0.0, 0.0, 0.0, 0.0, 0.0, 0.0, 0.0, 0.0, 0.0, 0.0, 0.0, 0.0, 0.0, 0.0, 0.0, 0.0, 0.0, 0.0, 0.0, 0.0, 0.0, 0.0, 0.0, 0.0, 0.0, 0.0, 0.0, 0.0, 0.0, 0.0, 0.0, 0.0, 0.0, 0.0, 0.0, 0.0, 0.0, 0.0, 0.0, 0.0, 0.0, 0.0, 0.0, 0.0, 0.0, 0.0, 0.0, 0.0, 0.0, 0.0, 0.0]}