{"loss": [340.5238342285156], "accuracy": [0.0], "val_loss": [162.647216796875], "val_accuracy": [0.0]}