{"loss": [12.811663627624512, 0.8271675705909729, 0.7404060959815979, 0.6793606877326965, 0.6823683381080627, 0.6769986152648926, 0.7267258763313293, 0.6324152946472168, 0.7195824980735779, 0.613976776599884, 0.6990311741828918, 0.645473837852478, 0.5292665362358093, 0.5593551993370056, 0.5546653270721436, 0.4169450104236603, 0.4418838620185852, 0.4496783912181854, 0.46060892939567566, 0.4299663007259369, 0.3362177014350891, 0.4419053792953491, 0.3999229967594147, 0.49335476756095886, 0.434203177690506, 0.34500256180763245, 0.24572151899337769, 0.24873697757720947, 0.26299938559532166, 0.24743874371051788, 0.6674326658248901, 0.24383586645126343, 0.3397713899612427, 0.2768997848033905, 0.23835834860801697, 0.21358129382133484, 0.25313445925712585, 0.19916893541812897, 0.18578533828258514, 0.18729178607463837, 0.17287828028202057, 0.17018438875675201, 0.18056142330169678, 0.1534574031829834, 0.16130904853343964, 0.15184283256530762, 0.15670715272426605, 0.17350298166275024, 0.17549511790275574, 0.1503387838602066, 0.1661563366651535, 0.15338324010372162, 0.14076052606105804, 0.1904202550649643, 0.16638502478599548, 0.14863000810146332, 0.14572784304618835, 0.15376852452754974, 0.16847088932991028, 0.15432843565940857, 0.1493857502937317, 0.4343787133693695, 0.1852901130914688, 0.1466764509677887, 0.25366222858428955, 0.17735202610492706, 0.16007566452026367, 0.1422334760427475, 0.18319757282733917, 0.13975390791893005, 0.14213605225086212, 0.13535572588443756, 0.153145432472229, 0.13354170322418213, 0.13841350376605988, 0.131906658411026, 0.16161270439624786, 0.19742408394813538, 0.1432722806930542, 0.13161085546016693, 0.13117332756519318, 0.14477898180484772, 0.1370701789855957, 0.13660025596618652, 0.14220906794071198, 0.13714197278022766, 0.14399132132530212, 0.13295860588550568, 0.13243579864501953, 0.15148179233074188, 0.14453773200511932, 0.14300258457660675, 0.13836689293384552, 0.13229812681674957, 0.12984804809093475, 0.14276650547981262, 0.16064777970314026, 0.14638839662075043, 0.1359037160873413, 0.13752834498882294], "accuracy": [0.0, 0.0, 0.0, 0.0, 0.0, 0.0, 0.0, 0.0, 0.0, 0.0, 0.0, 0.0, 0.0, 0.0, 0.0, 0.0, 0.0, 0.0, 0.0, 0.0, 0.0, 0.0, 0.0, 0.0, 0.0, 0.0, 0.0, 0.0, 0.0, 0.0, 0.0, 0.0, 0.0, 0.0, 0.0, 0.0, 0.0, 0.0, 0.0, 0.0, 0.0, 0.0, 0.0, 0.0, 0.0, 0.0, 0.0, 0.0, 0.0, 0.0, 0.0, 0.0, 0.0, 0.0, 0.0, 0.0, 0.0, 0.0, 0.0, 0.0, 0.0, 0.0, 0.0, 0.0, 0.0, 0.0, 0.0, 0.0, 0.0, 0.0, 0.0, 0.0, 0.0, 0.0, 0.0, 0.0, 0.0, 0.0, 0.0, 0.0, 0.0, 0.0, 0.0, 0.0, 0.0, 0.0, 0.0, 0.0, 0.0, 0.0, 0.0, 0.0, 0.0, 0.0, 0.0, 0.0, 0.0, 0.0, 0.0, 0.0], "val_loss": [1.019173264503479, 0.8925039768218994, 0.6304001212120056, 0.6334746479988098, 0.5895559787750244, 1.115278959274292, 0.5522981882095337, 0.5226013660430908, 0.8139336705207825, 0.5371100902557373, 0.47547000646591187, 0.5486946105957031, 0.5494973659515381, 0.4517678916454315, 0.41532477736473083, 0.38787195086479187, 0.7220155596733093, 0.47453922033309937, 0.38952869176864624, 0.33636167645454407, 0.3501769006252289, 0.37127363681793213, 0.4288896322250366, 0.8257592916488647, 0.2820766568183899, 0.20461593568325043, 0.2602648437023163, 0.19026759266853333, 0.27993229031562805, 1.2116554975509644, 0.21281073987483978, 0.18086466193199158, 0.4514912962913513, 0.18764083087444305, 0.22538992762565613, 0.23757843673229218, 0.1973896026611328, 0.21857817471027374, 0.16269631683826447, 0.19783556461334229, 0.15842515230178833, 0.16119495034217834, 0.15041829645633698, 0.20824287831783295, 0.15572306513786316, 0.1424660086631775, 0.15001937747001648, 0.14626836776733398, 0.2398405820131302, 0.13985083997249603, 0.17006054520606995, 0.13727138936519623, 0.205230712890625, 0.1411951780319214, 0.13868393003940582, 0.164998397231102, 0.1366102695465088, 0.22604778409004211, 0.14827199280261993, 0.1333635449409485, 0.14792369306087494, 0.2788311541080475, 0.1421724110841751, 0.14950641989707947, 0.15955235064029694, 0.15318818390369415, 0.13435478508472443, 0.15250402688980103, 0.14834453165531158, 0.1319141685962677, 0.1329696923494339, 0.1281452476978302, 0.13056038320064545, 0.1321936696767807, 0.1319323182106018, 0.1388431191444397, 0.38891535997390747, 0.18677741289138794, 0.13555914163589478, 0.14501072466373444, 0.12802986800670624, 0.17560049891471863, 0.12670345604419708, 0.1332455426454544, 0.1326860785484314, 0.132411926984787, 0.16031362116336823, 0.15387900173664093, 0.1557263880968094, 0.13126853108406067, 0.21811997890472412, 0.15112116932868958, 0.12661363184452057, 0.13652989268302917, 0.129793182015419, 0.1288720816373825, 0.16378545761108398, 0.14099137485027313, 0.12791305780410767, 0.14257046580314636], "val_accuracy": [0.0, 0.0, 0.0, 0.0, 0.0, 0.0, 0.0, 0.0, 0.0, 0.0, 0.0, 0.0, 0.0, 0.0, 0.0, 0.0, 0.0, 0.0, 0.0, 0.0, 0.0, 0.0, 0.0, 0.0, 0.0, 0.0, 0.0, 0.0, 0.0, 0.0, 0.0, 0.0, 0.0, 0.0, 0.0, 0.0, 0.0, 0.0, 0.0, 0.0, 0.0, 0.0, 0.0, 0.0, 0.0, 0.0, 0.0, 0.0, 0.0, 0.0, 0.0, 0.0, 0.0, 0.0, 0.0, 0.0, 0.0, 0.0, 0.0, 0.0, 0.0, 0.0, 0.0, 0.0, 0.0, 0.0, 0.0, 0.0, 0.0, 0.0, 0.0, 0.0, 0.0, 0.0, 0.0, 0.0, 0.0, 0.0, 0.0, 0.0, 0.0, 0.0, 0.0, 0.0, 0.0, 0.0, 0.0, 0.0, 0.0, 0.0, 0.0, 0.0, 0.0, 0.0, 0.0, 0.0, 0.0, 0.0, 0.0, 0.0]}