{"loss": [205.47320556640625, 2.66721510887146, 0.2969636023044586, 0.2700243592262268, 0.2741927206516266, 0.26108279824256897, 0.26978564262390137, 0.24270623922348022, 0.2624676823616028, 0.22451166808605194, 0.22272196412086487, 0.20400495827198029, 0.19788655638694763, 0.22749902307987213, 0.2117379903793335, 0.1844969391822815, 0.18832071125507355, 0.18175983428955078, 0.22146765887737274, 0.16443641483783722, 0.20232923328876495, 0.19598911702632904, 0.19371239840984344, 0.16131824254989624, 0.14960037171840668, 0.15547515451908112, 0.1468159258365631, 0.14102624356746674, 0.15112891793251038, 0.14795485138893127, 0.15567225217819214, 0.1651879847049713, 0.15104159712791443, 0.1420460045337677, 0.1761375516653061, 0.14770179986953735, 0.15488426387310028, 0.15044192969799042, 0.21637655794620514, 0.14018553495407104, 0.13374315202236176, 0.14214929938316345, 0.13765722513198853, 0.13528025150299072, 0.13788491487503052, 0.13626937568187714, 0.166237935423851, 0.17544518411159515, 0.17609237134456635, 0.14043395221233368], "accuracy": [0.0, 0.0, 0.0, 0.0, 0.0, 0.0, 0.0, 0.0, 0.0, 0.0, 0.0, 0.0, 0.0, 0.0, 0.0, 0.0, 0.0, 0.0, 0.0, 0.0, 0.0, 0.0, 0.0, 0.0, 0.0, 0.0, 0.0, 0.0, 0.0, 0.0, 0.0, 0.0, 0.0, 0.0, 0.0, 0.0, 0.0, 0.0, 0.0, 0.0, 0.0, 0.0, 0.0, 0.0, 0.0, 0.0, 0.0, 0.0, 0.0, 0.0], "val_loss": [28.360292434692383, 0.2852911055088043, 0.2806721329689026, 0.26307764649391174, 0.25124284625053406, 0.23088644444942474, 0.29692524671554565, 0.21690796315670013, 0.2676396667957306, 0.19896340370178223, 0.19896067678928375, 0.1850566864013672, 0.1844685822725296, 0.33053481578826904, 0.1702638566493988, 0.18340900540351868, 0.1623796969652176, 0.19030676782131195, 0.18056081235408783, 0.44359341263771057, 0.2211994081735611, 0.2879219651222229, 0.15861491858959198, 0.1388123333454132, 0.13802745938301086, 0.1355353444814682, 0.13572409749031067, 0.1325325220823288, 0.1404058337211609, 0.24670438468456268, 0.13245531916618347, 0.19754277169704437, 0.1302354335784912, 0.16975176334381104, 0.16116444766521454, 0.13471762835979462, 0.1347000002861023, 0.13979506492614746, 0.15258076786994934, 0.16056793928146362, 0.13246972858905792, 0.1263696849346161, 0.13771438598632812, 0.13028526306152344, 0.14793691039085388, 0.13352982699871063, 0.14797990024089813, 0.1410149782896042, 0.1410714089870453, 0.12907399237155914], "val_accuracy": [0.0, 0.0, 0.0, 0.0, 0.0, 0.0, 0.0, 0.0, 0.0, 0.0, 0.0, 0.0, 0.0, 0.0, 0.0, 0.0, 0.0, 0.0, 0.0, 0.0, 0.0, 0.0, 0.0, 0.0, 0.0, 0.0, 0.0, 0.0, 0.0, 0.0, 0.0, 0.0, 0.0, 0.0, 0.0, 0.0, 0.0, 0.0, 0.0, 0.0, 0.0, 0.0, 0.0, 0.0, 0.0, 0.0, 0.0, 0.0, 0.0, 0.0]}