{"loss": [145.0712432861328], "accuracy": [0.0], "val_loss": [1.0934439897537231], "val_accuracy": [0.0]}