{"loss": [464.2386779785156, 57.66090774536133, 3.312168598175049, 1.1985777616500854, 0.697701632976532, 0.4470610022544861, 0.4236346185207367, 0.3708342909812927, 0.4098743498325348, 0.3297109305858612, 0.3307236433029175, 0.34154531359672546, 0.34204262495040894, 0.3755303919315338, 0.3488242030143738, 0.32485875487327576, 0.3921307623386383, 0.31877365708351135, 0.310902863740921, 0.31679999828338623, 0.3055029511451721, 0.3013503849506378, 0.3024277687072754, 0.2960532009601593, 0.29233071208000183, 0.3545173704624176, 0.32885971665382385, 0.2886224687099457, 0.2905306816101074, 0.27375081181526184, 0.29554659128189087, 0.2823594808578491, 0.26118817925453186, 0.26528650522232056, 0.27442529797554016, 0.31851866841316223, 0.2597900629043579, 0.27342554926872253, 0.2389676868915558, 0.24728819727897644, 0.22907821834087372, 0.21565969288349152, 0.2123170793056488, 0.19325470924377441, 0.2411898374557495, 0.2086382806301117, 0.1929115653038025, 0.17433306574821472, 0.17122967541217804, 0.282559871673584], "accuracy": [0.0, 0.0, 0.0, 0.0, 0.0, 0.0, 0.0, 0.0, 0.0, 0.0, 0.0, 0.0, 0.0, 0.0, 0.0, 0.0, 0.0, 0.0, 0.0, 0.0, 0.0, 0.0, 0.0, 0.0, 0.0, 0.0, 0.0, 0.0, 0.0, 0.0, 0.0, 0.0, 0.0, 0.0, 0.0, 0.0, 0.0, 0.0, 0.0, 0.0, 0.0, 0.0, 0.0, 0.0, 0.0, 0.0, 0.0, 0.0, 0.0, 0.0], "val_loss": [213.62506103515625, 6.582385063171387, 1.5556343793869019, 0.8248681426048279, 0.5162541270256042, 0.38065260648727417, 0.35836997628211975, 0.3332599997520447, 0.3363562822341919, 0.328341007232666, 0.32135599851608276, 0.3221277594566345, 0.31927427649497986, 0.312140554189682, 0.3612619638442993, 0.3434162735939026, 0.3039928078651428, 0.2997247874736786, 0.2972727417945862, 0.3417842388153076, 0.298805832862854, 0.2892773747444153, 0.2864788770675659, 0.2898273468017578, 0.2928854823112488, 0.34396892786026, 0.2847598195075989, 0.27327263355255127, 0.26532143354415894, 0.2636687457561493, 0.285146027803421, 0.25573641061782837, 0.2572823166847229, 0.24809731543064117, 0.31210145354270935, 0.25574731826782227, 0.22688031196594238, 0.2517637014389038, 0.22951781749725342, 0.25375375151634216, 0.2294926792383194, 0.2147463858127594, 0.2288227081298828, 0.1907525211572647, 0.18097595870494843, 0.21566732227802277, 0.1723378747701645, 0.19017522037029266, 0.16755621135234833, 0.21945497393608093], "val_accuracy": [0.0, 0.0, 0.0, 0.0, 0.0, 0.0, 0.0, 0.0, 0.0, 0.0, 0.0, 0.0, 0.0, 0.0, 0.0, 0.0, 0.0, 0.0, 0.0, 0.0, 0.0, 0.0, 0.0, 0.0, 0.0, 0.0, 0.0, 0.0, 0.0, 0.0, 0.0, 0.0, 0.0, 0.0, 0.0, 0.0, 0.0, 0.0, 0.0, 0.0, 0.0, 0.0, 0.0, 0.0, 0.0, 0.0, 0.0, 0.0, 0.0, 0.0]}