{"loss": [336.9171447753906, 149.3949737548828, 9.179132461547852, 2.4480350017547607, 1.779173493385315, 1.33249831199646, 0.8227695822715759, 0.4824495017528534, 0.43996235728263855, 0.40547728538513184, 0.38306158781051636, 0.3815760910511017, 0.3662783205509186, 0.3456448018550873, 0.3592739999294281, 0.3738149106502533, 0.31965896487236023, 0.3674066364765167, 0.2992611229419708, 0.27641502022743225, 0.28410062193870544, 0.35624468326568604, 0.293740838766098, 0.335539311170578, 0.2637481689453125, 0.2407802939414978, 0.24286553263664246, 0.23485872149467468, 0.24716214835643768, 0.2437334805727005, 0.2408062070608139, 0.24835924804210663, 0.23200681805610657, 0.22517748177051544, 0.22089089453220367, 0.25111937522888184, 0.2151687741279602, 0.2235666960477829, 0.21459084749221802, 0.2155887931585312, 0.20443858206272125, 0.2010650634765625, 0.19597789645195007, 0.2064298689365387, 0.20424297451972961, 0.20280566811561584, 0.1823725551366806, 0.18531963229179382, 0.18110725283622742, 0.19335734844207764, 0.2799456715583801, 0.22917784750461578, 0.20999658107757568, 0.22177673876285553, 0.21518419682979584, 0.18994081020355225, 0.1837819367647171, 0.1954772025346756, 0.22580809891223907, 0.1991581916809082, 0.17762219905853271, 0.16538643836975098, 0.17250758409500122, 0.16410614550113678, 0.1604270190000534, 0.16862539947032928, 0.16757254302501678, 0.16285216808319092, 0.16934886574745178, 0.15669849514961243, 0.18928629159927368, 0.1560383141040802, 0.15739227831363678, 0.15973518788814545, 0.15581350028514862, 0.16330917179584503, 0.15664827823638916, 0.1567194014787674, 0.15526586771011353, 0.17684556543827057, 0.1846635937690735, 0.1605585813522339, 0.15871696174144745, 0.15197250247001648, 0.15035971999168396, 0.15231440961360931, 0.14803971350193024, 0.16278508305549622, 0.19434717297554016, 0.17007963359355927, 0.1818825602531433, 0.1669272482395172, 0.15008176863193512, 0.14624497294425964, 0.14738526940345764, 0.14681437611579895, 0.14535994827747345, 0.14824920892715454, 0.14854037761688232, 0.14583759009838104], "accuracy": [0.0, 0.0, 0.0, 0.0, 0.0, 0.0, 0.0, 0.0, 0.0, 0.0, 0.0, 0.0, 0.0, 0.0, 0.0, 0.0, 0.0, 0.0, 0.0, 0.0, 0.0, 0.0, 0.0, 0.0, 0.0, 0.0, 0.0, 0.0, 0.0, 0.0, 0.0, 0.0, 0.0, 0.0, 0.0, 0.0, 0.0, 0.0, 0.0, 0.0, 0.0, 0.0, 0.0, 0.0, 0.0, 0.0, 0.0, 0.0, 0.0, 0.0, 0.0, 0.0, 0.0, 0.0, 0.0, 0.0, 0.0, 0.0, 0.0, 0.0, 0.0, 0.0, 0.0, 0.0, 0.0, 0.0, 0.0, 0.0, 0.0, 0.0, 0.0, 0.0, 0.0, 0.0, 0.0, 0.0, 0.0, 0.0, 0.0, 0.0, 0.0, 0.0, 0.0, 0.0, 0.0, 0.0, 0.0, 0.0, 0.0, 0.0, 0.0, 0.0, 0.0, 0.0, 0.0, 0.0, 0.0, 0.0, 0.0, 0.0], "val_loss": [286.9638977050781, 17.24850845336914, 2.347830057144165, 2.276012897491455, 1.9149065017700195, 1.0450832843780518, 0.5059112310409546, 0.4356944262981415, 0.43127623200416565, 0.36026912927627563, 0.3576790392398834, 0.3382273316383362, 0.34730231761932373, 0.4006481170654297, 0.31049200892448425, 0.31946828961372375, 0.3230893015861511, 0.3306400775909424, 0.2715141475200653, 0.26802751421928406, 0.2636180520057678, 0.3062897324562073, 0.25873368978500366, 0.25339317321777344, 0.2401616871356964, 0.2640504539012909, 0.23949642479419708, 0.24055927991867065, 0.24756304919719696, 0.22896265983581543, 0.22027131915092468, 0.2355038821697235, 0.22104156017303467, 0.21988289058208466, 0.22948533296585083, 0.2459281086921692, 0.20836631953716278, 0.21159091591835022, 0.23505805432796478, 0.20171557366847992, 0.20479096472263336, 0.19357283413410187, 0.19234517216682434, 0.21169646084308624, 0.22024355828762054, 0.18109071254730225, 0.1841052770614624, 0.20682479441165924, 0.181217759847641, 0.2594534158706665, 0.22919835150241852, 0.18720485270023346, 0.2147914618253708, 0.28846225142478943, 0.19717209041118622, 0.17811504006385803, 0.16919079422950745, 0.21063430607318878, 0.17854851484298706, 0.18369419872760773, 0.16205298900604248, 0.16380631923675537, 0.16826026141643524, 0.1629038155078888, 0.15899115800857544, 0.16084551811218262, 0.16206613183021545, 0.17435437440872192, 0.16695480048656464, 0.18369631469249725, 0.15647153556346893, 0.1573060303926468, 0.16402128338813782, 0.15868431329727173, 0.1547139436006546, 0.17595893144607544, 0.15345782041549683, 0.158675417304039, 0.16739745438098907, 0.1982567459344864, 0.16434606909751892, 0.15699221193790436, 0.15589570999145508, 0.14918573200702667, 0.1588531881570816, 0.14943891763687134, 0.16033393144607544, 0.18001176416873932, 0.1644284427165985, 0.15130920708179474, 0.1543121635913849, 0.15801727771759033, 0.14534462988376617, 0.14525257050991058, 0.1480378806591034, 0.14390353858470917, 0.14301155507564545, 0.15482111275196075, 0.1421179473400116, 0.1420377641916275], "val_accuracy": [0.0, 0.0, 0.0, 0.0, 0.0, 0.0, 0.0, 0.0, 0.0, 0.0, 0.0, 0.0, 0.0, 0.0, 0.0, 0.0, 0.0, 0.0, 0.0, 0.0, 0.0, 0.0, 0.0, 0.0, 0.0, 0.0, 0.0, 0.0, 0.0, 0.0, 0.0, 0.0, 0.0, 0.0, 0.0, 0.0, 0.0, 0.0, 0.0, 0.0, 0.0, 0.0, 0.0, 0.0, 0.0, 0.0, 0.0, 0.0, 0.0, 0.0, 0.0, 0.0, 0.0, 0.0, 0.0, 0.0, 0.0, 0.0, 0.0, 0.0, 0.0, 0.0, 0.0, 0.0, 0.0, 0.0, 0.0, 0.0, 0.0, 0.0, 0.0, 0.0, 0.0, 0.0, 0.0, 0.0, 0.0, 0.0, 0.0, 0.0, 0.0, 0.0, 0.0, 0.0, 0.0, 0.0, 0.0, 0.0, 0.0, 0.0, 0.0, 0.0, 0.0, 0.0, 0.0, 0.0, 0.0, 0.0, 0.0, 0.0]}