{"loss": [296.19482421875, 94.31134796142578, 7.716983795166016, 3.943870782852173, 1.3202310800552368, 0.37831833958625793, 0.3089025318622589, 0.2492915838956833, 0.23790477216243744, 0.23557725548744202, 0.2529922127723694, 0.22845344245433807, 0.22475622594356537, 0.21499477326869965, 0.2182142734527588, 0.2114482969045639, 0.20529897511005402, 0.20088309049606323, 0.1955287605524063, 0.18841350078582764, 0.1793888658285141, 0.18642021715641022, 0.16990149021148682, 0.1666504293680191, 0.21495188772678375, 0.21494567394256592, 0.18955302238464355, 0.17383794486522675, 0.17181119322776794, 0.16110041737556458, 0.163235142827034, 0.15626181662082672, 0.17453345656394958, 0.20299577713012695, 0.19939208030700684, 0.18895360827445984, 0.2007477581501007, 0.16976600885391235, 0.15830528736114502, 0.15124863386154175, 0.22971543669700623, 0.1841166913509369, 0.15177471935749054, 0.15457603335380554, 0.14454248547554016, 0.1414153128862381, 0.13918305933475494, 0.14012418687343597, 0.1423918753862381, 0.14081940054893494], "accuracy": [0.0, 0.0, 0.0, 0.0, 0.0, 0.0, 0.0, 0.0, 0.0, 0.0, 0.0, 0.0, 0.0, 0.0, 0.0, 0.0, 0.0, 0.0, 0.0, 0.0, 0.0, 0.0, 0.0, 0.0, 0.0, 0.0, 0.0, 0.0, 0.0, 0.0, 0.0, 0.0, 0.0, 0.0, 0.0, 0.0, 0.0, 0.0, 0.0, 0.0, 0.0, 0.0, 0.0, 0.0, 0.0, 0.0, 0.0, 0.0, 0.0, 0.0], "val_loss": [224.35520935058594, 24.007532119750977, 5.946066379547119, 1.9243725538253784, 0.41431987285614014, 0.33426475524902344, 0.25655192136764526, 0.23852629959583282, 0.2339848130941391, 0.22687982022762299, 0.22775234282016754, 0.22043056786060333, 0.21548599004745483, 0.2158311903476715, 0.21381880342960358, 0.2043650597333908, 0.20136313140392303, 0.19551445543766022, 0.18827839195728302, 0.1799190789461136, 0.1741008758544922, 0.17033176124095917, 0.17125986516475677, 0.16516150534152985, 0.21041251718997955, 0.1678556501865387, 0.20430557429790497, 0.17004023492336273, 0.16639262437820435, 0.16363467276096344, 0.15322984755039215, 0.16651302576065063, 0.17466042935848236, 0.21210017800331116, 0.1758008450269699, 0.21170909702777863, 0.1576976180076599, 0.1487906128168106, 0.1460079401731491, 0.15182940661907196, 0.16517341136932373, 0.15750060975551605, 0.146668940782547, 0.1416589915752411, 0.140933096408844, 0.14263597130775452, 0.13864468038082123, 0.13938449323177338, 0.13402625918388367, 0.13508649170398712], "val_accuracy": [0.0, 0.0, 0.0, 0.0, 0.0, 0.0, 0.0, 0.0, 0.0, 0.0, 0.0, 0.0, 0.0, 0.0, 0.0, 0.0, 0.0, 0.0, 0.0, 0.0, 0.0, 0.0, 0.0, 0.0, 0.0, 0.0, 0.0, 0.0, 0.0, 0.0, 0.0, 0.0, 0.0, 0.0, 0.0, 0.0, 0.0, 0.0, 0.0, 0.0, 0.0, 0.0, 0.0, 0.0, 0.0, 0.0, 0.0, 0.0, 0.0, 0.0]}