{"loss": [351.72479248046875, 116.51895141601562, 2.104813814163208, 1.5682976245880127, 2.9571704864501953, 1.316357970237732, 1.0759615898132324, 1.0687644481658936, 1.0178945064544678, 1.2314658164978027, 0.9603033065795898, 0.7399200797080994, 0.6675639748573303, 0.5537455677986145, 0.49854347109794617, 0.49046212434768677, 0.5646518468856812, 0.5340100526809692, 0.5132890939712524, 0.3977659046649933, 0.40388384461402893, 0.4247196912765503, 0.7054991126060486, 0.40666693449020386, 0.4475973844528198], "accuracy": [0.0, 0.0, 0.0, 0.0, 0.0, 0.0, 0.0, 0.0, 0.0, 0.0, 0.0, 0.0, 0.0, 0.0, 0.0, 0.0, 0.0, 0.0, 0.0, 0.0, 0.0, 0.0, 0.0, 0.0, 0.0], "val_loss": [175.23587036132812, 2.845095157623291, 1.419324278831482, 2.7139008045196533, 2.952191114425659, 1.0417397022247314, 1.0101081132888794, 0.9785052537918091, 1.1335804462432861, 0.8788483738899231, 0.7643250226974487, 0.5940530896186829, 0.6052767038345337, 0.5061892867088318, 0.48553556203842163, 0.4523441195487976, 0.6040453910827637, 0.5389124751091003, 0.4021068513393402, 0.4143495559692383, 0.3631153702735901, 1.4504574537277222, 0.43264874815940857, 0.5239554047584534, 0.3408668637275696], "val_accuracy": [0.0, 0.0, 0.0, 0.0, 0.0, 0.0, 0.0, 0.0, 0.0, 0.0, 0.0, 0.0, 0.0, 0.0, 0.0, 0.0, 0.0, 0.0, 0.0, 0.0, 0.0, 0.0, 0.0, 0.0, 0.0]}