{"loss": [122.05104064941406, 0.9219563603401184, 0.41375043988227844, 0.3819045126438141, 0.34720227122306824, 0.31354454159736633, 0.2872280180454254, 0.26053664088249207, 0.24341453611850739, 0.20043982565402985, 0.22152456641197205, 0.19896158576011658, 0.19401706755161285, 0.17374660074710846, 0.17899145185947418, 0.1641354113817215, 0.17323771119117737, 0.1803894191980362, 0.17247864603996277, 0.15544994175434113, 0.1588258445262909, 0.15880592167377472, 0.15637598931789398, 0.16122253239154816, 0.1496889293193817], "accuracy": [0.0, 0.0, 0.0, 0.0, 0.0, 0.0, 0.0, 0.0, 0.0, 0.0, 0.0, 0.0, 0.0, 0.0, 0.0, 0.0, 0.0, 0.0, 0.0, 0.0, 0.0, 0.0, 0.0, 0.0, 0.0], "val_loss": [2.12080454826355, 0.5726146697998047, 0.3594207167625427, 0.362252801656723, 0.3493901789188385, 0.2769562602043152, 0.267096608877182, 0.2362036406993866, 0.22173431515693665, 0.18901090323925018, 0.19472970068454742, 0.1961231678724289, 0.17571118474006653, 0.16137979924678802, 0.16195343434810638, 0.16063545644283295, 0.15201759338378906, 0.15465842187404633, 0.1580110341310501, 0.15212775766849518, 0.1582915037870407, 0.1443759948015213, 0.14509479701519012, 0.17589202523231506, 0.1450701802968979], "val_accuracy": [0.0, 0.0, 0.0, 0.0, 0.0, 0.0, 0.0, 0.0, 0.0, 0.0, 0.0, 0.0, 0.0, 0.0, 0.0, 0.0, 0.0, 0.0, 0.0, 0.0, 0.0, 0.0, 0.0, 0.0, 0.0]}