{"loss": [394.9156188964844], "accuracy": [0.0], "val_loss": [326.9996032714844], "val_accuracy": [0.0]}