{"loss": [146.1278076171875, 8.683426856994629, 0.6234357357025146, 0.5756292939186096, 0.5192194581031799, 0.4919946789741516, 0.4705826938152313, 0.4636596739292145, 0.4619855284690857, 0.43080073595046997, 0.45875874161720276, 0.4207940995693207, 0.41695651412010193, 0.40690234303474426, 0.4082910716533661, 0.3771515488624573, 0.40986597537994385, 0.5450987815856934, 57883.29296875, 35.99636459350586, 34.12745666503906, 22.051380157470703, 16.3924560546875, 13.886922836303711, 12.524826049804688, 11.046496391296387, 13.231478691101074, 9.628073692321777, 40.397342681884766, 292.6459045410156, 112.11837005615234, 121.40472412109375, 102.75433349609375, 86.56045532226562, 71.03502655029297, 59.61634063720703, 49.772682189941406, 44.66679763793945, 41.36928176879883, 37.26701736450195, 33.13858413696289, 30.3629207611084, 27.194637298583984, 25.76492691040039, 24.996408462524414, 22.6910343170166, 20.430015563964844, 19.32508087158203, 18.741384506225586, 18.002487182617188, 65.92118072509766, 60.40796661376953, 42.16904067993164, 31.2086238861084, 23.227752685546875, 20.27867889404297, 19.603069305419922, 18.603639602661133, 15.913326263427734, 13.37818431854248, 11.31666088104248, 10.041611671447754, 9.36703872680664, 9.259278297424316, 9.6424560546875, 7.533108234405518, 8.065375328063965, 7.634122848510742, 5.606907367706299, 5.158572673797607, 4.113946914672852, 4.9708333015441895, 5.310218811035156, 2.102517604827881, 1.5135077238082886, 1.1504079103469849, 0.93874591588974, 0.7736449241638184, 0.8320528268814087, 0.6509953737258911, 0.6062583327293396, 0.5553474426269531, 0.589544415473938, 0.5302473902702332, 0.5008765459060669, 0.49378737807273865, 0.48428720235824585, 0.4552915692329407, 0.46959787607192993, 0.43489354848861694, 0.49153459072113037, 0.4595092535018921, 0.42283305525779724, 0.4117785394191742, 0.40093910694122314, 0.5107712745666504, 0.4083821773529053, 0.3886471390724182, 0.3609430491924286, 0.3903961479663849], "accuracy": [0.0, 0.0, 0.0, 0.0, 0.0, 0.0, 0.0, 0.0, 0.0, 0.0, 0.0, 0.0, 0.0, 0.0, 0.0, 0.0, 0.0, 0.0, 0.0, 0.0, 0.0, 0.0, 0.0, 0.0, 0.0, 0.0, 0.0, 0.0, 0.0, 0.0, 0.0, 0.0, 0.0, 0.0, 0.0, 0.0, 0.0, 0.0, 0.0, 0.0, 0.0, 0.0, 0.0, 0.0, 0.0, 0.0, 0.0, 0.0, 0.0, 0.0, 0.0, 0.0, 0.0, 0.0, 0.0, 0.0, 0.0, 0.0, 0.0, 0.0, 0.0, 0.0, 0.0, 0.0, 0.0, 0.0, 0.0, 0.0, 0.0, 0.0, 0.0, 0.0, 0.0, 0.0, 0.0, 0.0, 0.0, 0.0, 0.0, 0.0, 0.0, 0.0, 0.0, 0.0, 0.0, 0.0, 0.0, 0.0, 0.0, 0.0, 0.0, 0.0, 0.0, 0.0, 0.0, 0.0, 0.0, 0.0, 0.0, 0.0]}