{"loss": [153.67489624023438], "accuracy": [0.0], "val_loss": [0.4663350582122803], "val_accuracy": [0.0]}