{"loss": [249.84764099121094, 85.99626922607422, 32.99656295776367, 21.3792724609375, 16.7711124420166, 13.759390830993652, 6.14439058303833, 3.86781907081604, 3.3034698963165283, 2.646894693374634, 3.425271511077881, 4.615189075469971, 3.1355175971984863, 2.3777360916137695, 2.2780280113220215, 2.4493167400360107, 2.6135659217834473, 2.312614917755127, 2.241675853729248, 1.6367008686065674, 3.2143313884735107, 3.287022352218628, 1.77268385887146, 1.201798915863037, 0.9887384176254272], "accuracy": [0.0, 0.0, 0.0, 0.0, 0.0, 0.0, 0.0, 0.0, 0.0, 0.0, 0.0, 0.0, 0.0, 0.0, 0.0, 0.0, 0.0, 0.0, 0.0, 0.0, 0.0, 0.0, 0.0, 0.0, 0.0], "val_loss": [135.28271484375, 40.56256103515625, 23.38517189025879, 14.048523902893066, 11.759722709655762, 6.35701322555542, 3.5816009044647217, 3.2244865894317627, 2.866213798522949, 3.59897780418396, 2.351534128189087, 4.029019355773926, 2.403264045715332, 2.4399187564849854, 2.0666701793670654, 3.2056386470794678, 2.931150197982788, 3.1326756477355957, 1.6509896516799927, 1.8311296701431274, 8.94499683380127, 1.610625147819519, 1.2745089530944824, 1.0957108736038208, 0.9501012563705444], "val_accuracy": [0.0, 0.0, 0.0, 0.0, 0.0, 0.0, 0.0, 0.0, 0.0, 0.0, 0.0, 0.0, 0.0, 0.0, 0.0, 0.0, 0.0, 0.0, 0.0, 0.0, 0.0, 0.0, 0.0, 0.0, 0.0]}