{"loss": [202.08645629882812, 1.9337072372436523, 0.9678063988685608, 0.6469545960426331, 0.48820048570632935, 0.4117810130119324, 0.3752499520778656, 0.3678792417049408, 0.33849409222602844, 0.3430045247077942, 0.33607548475265503, 0.331986665725708, 0.33720681071281433, 0.3390226662158966, 0.3394232392311096, 0.32464084029197693, 0.3308523893356323, 0.3207662105560303, 0.32537946105003357, 0.3284437358379364, 0.32553353905677795, 0.32152658700942993, 0.3038376271724701, 0.3130683898925781, 0.3449190557003021, 0.3139776885509491, 0.31223148107528687, 0.3193961977958679, 0.3117876350879669, 0.32076022028923035, 0.3135358691215515, 0.3092097043991089, 0.3123183846473694, 0.325470894575119, 0.31997284293174744, 0.3110717535018921, 0.3265468180179596, 0.2980269491672516, 0.3050699532032013, 0.3155308663845062, 0.30963134765625, 0.32643944025039673, 0.2986551821231842, 0.30020034313201904, 0.3057219088077545, 0.30987685918807983, 0.3083121180534363, 0.3062545955181122, 0.3128955066204071, 0.30908679962158203], "accuracy": [0.0, 0.0, 0.0, 0.0, 0.0, 0.0, 0.0, 0.0, 0.0, 0.0, 0.0, 0.0, 0.0, 0.0, 0.0, 0.0, 0.0, 0.0, 0.0, 0.0, 0.0, 0.0, 0.0, 0.0, 0.0, 0.0, 0.0, 0.0, 0.0, 0.0, 0.0, 0.0, 0.0, 0.0, 0.0, 0.0, 0.0, 0.0, 0.0, 0.0, 0.0, 0.0, 0.0, 0.0, 0.0, 0.0, 0.0, 0.0, 0.0, 0.0], "val_loss": [3.3908276557922363, 1.1938444375991821, 0.7501820921897888, 0.5400412678718567, 0.44066110253334045, 0.391014963388443, 0.39656537771224976, 0.34159523248672485, 0.3343715965747833, 0.35986462235450745, 0.3225991427898407, 0.34345543384552, 0.3388235569000244, 0.33050814270973206, 0.3793976604938507, 0.3058602511882782, 0.3092784285545349, 0.3070530593395233, 0.3613278269767761, 0.32770147919654846, 0.33407527208328247, 0.40989673137664795, 0.29618048667907715, 0.2888282537460327, 0.31567519903182983, 0.30015063285827637, 0.3140062093734741, 0.42914333939552307, 0.3078261613845825, 0.32478901743888855, 0.2936840057373047, 0.2954261302947998, 0.3815848231315613, 0.5013602375984192, 0.3112308084964752, 0.32953011989593506, 0.29831165075302124, 0.2855297029018402, 0.3251798748970032, 0.29394665360450745, 0.2841170132160187, 0.31228014826774597, 0.40282827615737915, 0.300950288772583, 0.2868167757987976, 0.2898118495941162, 0.28737810254096985, 0.2879250645637512, 0.3177897334098816, 0.3105113208293915], "val_accuracy": [0.0, 0.0, 0.0, 0.0, 0.0, 0.0, 0.0, 0.0, 0.0, 0.0, 0.0, 0.0, 0.0, 0.0, 0.0, 0.0, 0.0, 0.0, 0.0, 0.0, 0.0, 0.0, 0.0, 0.0, 0.0, 0.0, 0.0, 0.0, 0.0, 0.0, 0.0, 0.0, 0.0, 0.0, 0.0, 0.0, 0.0, 0.0, 0.0, 0.0, 0.0, 0.0, 0.0, 0.0, 0.0, 0.0, 0.0, 0.0, 0.0, 0.0]}