{"loss": [342.044677734375, 243.94287109375, 199.75306701660156, 155.45358276367188, 162.02154541015625, 95.23994445800781, 94.96759033203125, 219.09161376953125, 56.61210632324219, 33.67720031738281, 17.025985717773438, 12.317710876464844, 10.667217254638672, 10.866092681884766, 10.03056812286377, 7.443439483642578, 6.440112113952637, 5.372897148132324, 6.592186450958252, 5.764483451843262, 4.903611183166504, 3.211297035217285, 3.5510292053222656, 9.473325729370117, 10.555323600769043, 2.613504409790039, 1.848990797996521, 1.3018171787261963, 1.0582780838012695, 0.8494083285331726, 0.7665658593177795, 0.7131878137588501, 0.717947781085968, 0.6395540833473206, 0.601651132106781, 0.5819514989852905, 0.5220201015472412, 0.45780208706855774, 0.3966146409511566, 0.494902104139328, 0.35013797879219055, 0.35540375113487244, 0.40308985114097595, 0.37807324528694153, 0.3698558509349823, 0.33481621742248535, 0.30631959438323975, 0.31494781374931335, 0.30672016739845276, 0.31859004497528076], "accuracy": [0.0, 0.0, 0.0, 0.0, 0.0, 0.0, 0.0, 0.0, 0.0, 0.0, 0.0, 0.0, 0.0, 0.0, 0.0, 0.0, 0.0, 0.0, 0.0, 0.0, 0.0, 0.0, 0.0, 0.0, 0.0, 0.0, 0.0, 0.0, 0.0, 0.0, 0.0, 0.0, 0.0, 0.0, 0.0, 0.0, 0.0, 0.0, 0.0, 0.0, 0.0, 0.0, 0.0, 0.0, 0.0, 0.0, 0.0, 0.0, 0.0, 0.0]}