{"loss": [52.62942123413086, 0.3035217225551605, 0.255961537361145, 0.20952126383781433, 0.24594490230083466, 0.13211064040660858, 0.13728271424770355, 0.13860151171684265, 0.08979524672031403, 0.20165163278579712, 0.06896127015352249, 0.10382650792598724, 0.057267751544713974, 0.09457593411207199, 0.064170241355896, 0.06366962194442749, 0.10708808898925781, 0.05753197893500328, 0.08815471827983856, 0.051364701241254807, 0.04686160758137703, 0.07079728692770004, 0.053319018334150314, 0.053171344101428986, 0.06829628348350525, 0.052036102861166, 0.04368716850876808, 0.035428840667009354, 0.0437801256775856, 0.06651818752288818, 0.047226276248693466, 0.036709368228912354, 0.03815041854977608, 0.03616717457771301, 0.038753241300582886, 0.035562969744205475, 0.04198779910802841, 0.09303112328052521, 0.09495805948972702, 0.07916514575481415, 0.04368896409869194, 0.030605530366301537, 0.03527434542775154, 0.03147709369659424, 0.0376090332865715, 0.032263703644275665, 0.03266529738903046, 0.030367644503712654, 0.029504764825105667, 0.0946810394525528, 0.057985011488199234, 0.03160393238067627, 0.03771468251943588, 0.040677279233932495, 0.02810239978134632, 0.052382905036211014, 0.030060674995183945, 0.026902757585048676, 0.03102496638894081, 0.029180990532040596, 0.038933660835027695, 0.044319022446870804, 0.026376016438007355, 0.030684377998113632, 0.03519624099135399, 0.02623031660914421, 0.026234932243824005, 0.027897730469703674, 0.028675444424152374, 0.11936813592910767, 0.026048259809613228, 0.028204578906297684, 0.031842149794101715, 0.03222939372062683, 0.027224093675613403, 0.025926770642399788, 0.025757594034075737, 0.031618501991033554, 0.024892223998904228, 0.04391847550868988, 0.02837112918496132, 0.0270488653331995, 0.026256022974848747, 0.026044951751828194, 0.02684682048857212, 0.03515549376606941, 0.21126314997673035, 0.18440011143684387, 0.02361874096095562, 0.024001499637961388, 0.02359725907444954, 0.02446671575307846, 0.023379387333989143, 0.023859577253460884, 0.02406691573560238, 0.02394920028746128, 0.024870777502655983, 0.025087561458349228, 0.025471281260252, 0.026562200859189034], "accuracy": [0.0, 0.0, 0.0, 0.0, 0.0, 0.0, 0.0, 0.0, 0.0, 0.0, 0.0, 0.0, 0.0, 0.0, 0.0, 0.0, 0.0, 0.0, 0.0, 0.0, 0.0, 0.0, 0.0, 0.0, 0.0, 0.0, 0.0, 0.0, 0.0, 0.0, 0.0, 0.0, 0.0, 0.0, 0.0, 0.0, 0.0, 0.0, 0.0, 0.0, 0.0, 0.0, 0.0, 0.0, 0.0, 0.0, 0.0, 0.0, 0.0, 0.0, 0.0, 0.0, 0.0, 0.0, 0.0, 0.0, 0.0, 0.0, 0.0, 0.0, 0.0, 0.0, 0.0, 0.0, 0.0, 0.0, 0.0, 0.0, 0.0, 0.0, 0.0, 0.0, 0.0, 0.0, 0.0, 0.0, 0.0, 0.0, 0.0, 0.0, 0.0, 0.0, 0.0, 0.0, 0.0, 0.0, 0.0, 0.0, 0.0, 0.0, 0.0, 0.0, 0.0, 0.0, 0.0, 0.0, 0.0, 0.0, 0.0, 0.0], "val_loss": [0.38246676325798035, 0.2312900573015213, 0.21007102727890015, 0.15950676798820496, 0.13396425545215607, 0.10746275633573532, 0.1265338659286499, 0.08943749219179153, 0.07082504779100418, 0.07223933935165405, 0.08365531265735626, 0.05765068158507347, 0.05549618601799011, 0.047726236283779144, 0.053772252053022385, 0.04400984197854996, 0.1288677603006363, 0.04959974065423012, 0.050621550530195236, 0.038481105118989944, 0.08897528052330017, 0.04022447392344475, 0.03692125156521797, 0.03495505079627037, 0.03615978732705116, 0.03616839274764061, 0.03301640972495079, 0.03368780016899109, 0.04235076531767845, 0.05161095783114433, 0.03296118229627609, 0.031557679176330566, 0.03648322820663452, 0.05697208270430565, 0.037850845605134964, 0.03305552154779434, 0.02886310964822769, 0.20284366607666016, 0.36872053146362305, 0.05161705240607262, 0.02894323319196701, 0.02991451881825924, 0.030935702845454216, 0.028337709605693817, 0.04410538449883461, 0.027407696470618248, 0.027459345757961273, 0.03739511966705322, 0.026488929986953735, 0.26776906847953796, 0.028116881847381592, 0.027589771896600723, 0.03421463817358017, 0.025739582255482674, 0.025498000904917717, 0.030923420563340187, 0.025006776675581932, 0.027529241517186165, 0.026519715785980225, 0.030865028500556946, 0.03810279443860054, 0.027088260278105736, 0.024175353348255157, 0.025023888796567917, 0.024356484413146973, 0.024853715673089027, 0.024329792708158493, 0.024118727073073387, 0.049057118594646454, 0.027176395058631897, 0.023978697136044502, 0.02430449239909649, 0.04110318049788475, 0.024604881182312965, 0.02460671216249466, 0.025566227734088898, 0.023435523733496666, 0.0597904734313488, 0.024677449837327003, 0.031224144622683525, 0.0234848540276289, 0.023405827581882477, 0.028056414797902107, 0.02384144626557827, 0.03186621144413948, 0.2933647632598877, 0.6105958819389343, 0.02391398511826992, 0.02369900606572628, 0.023349586874246597, 0.02572045847773552, 0.02326924167573452, 0.02343144454061985, 0.02382597327232361, 0.024628562852740288, 0.027346210554242134, 0.023031974211335182, 0.0253607127815485, 0.023483270779252052, 0.033858977258205414], "val_accuracy": [0.0, 0.0, 0.0, 0.0, 0.0, 0.0, 0.0, 0.0, 0.0, 0.0, 0.0, 0.0, 0.0, 0.0, 0.0, 0.0, 0.0, 0.0, 0.0, 0.0, 0.0, 0.0, 0.0, 0.0, 0.0, 0.0, 0.0, 0.0, 0.0, 0.0, 0.0, 0.0, 0.0, 0.0, 0.0, 0.0, 0.0, 0.0, 0.0, 0.0, 0.0, 0.0, 0.0, 0.0, 0.0, 0.0, 0.0, 0.0, 0.0, 0.0, 0.0, 0.0, 0.0, 0.0, 0.0, 0.0, 0.0, 0.0, 0.0, 0.0, 0.0, 0.0, 0.0, 0.0, 0.0, 0.0, 0.0, 0.0, 0.0, 0.0, 0.0, 0.0, 0.0, 0.0, 0.0, 0.0, 0.0, 0.0, 0.0, 0.0, 0.0, 0.0, 0.0, 0.0, 0.0, 0.0, 0.0, 0.0, 0.0, 0.0, 0.0, 0.0, 0.0, 0.0, 0.0, 0.0, 0.0, 0.0, 0.0, 0.0]}