{"loss": [56.96758270263672, 2.7232649326324463, 1.1759133338928223, 0.30890506505966187, 0.21353581547737122, 0.1629125028848648, 0.12513186037540436, 0.1274556964635849, 0.12204931676387787, 0.09666608273983002, 0.20462943613529205, 0.13271751999855042, 0.09610720723867416, 0.12478918582201004, 0.21523454785346985, 0.15775051712989807, 0.10151875019073486, 0.09097541123628616, 0.09095069020986557, 0.19203685224056244, 0.1514304280281067, 0.2255055457353592, 0.12574952840805054, 0.0679284930229187, 0.17344047129154205], "accuracy": [0.0, 0.0, 0.0, 0.0, 0.0, 0.0, 0.0, 0.0, 0.0, 0.0, 0.0, 0.0, 0.0, 0.0, 0.0, 0.0, 0.0, 0.0, 0.0, 0.0, 0.0, 0.0, 0.0, 0.0, 0.0], "val_loss": [8.279502868652344, 0.7323435544967651, 0.3558814823627472, 0.3303670287132263, 0.1694670021533966, 0.12091013044118881, 0.12361172586679459, 0.10545840114355087, 0.10496535152196884, 0.10250227898359299, 0.3579005300998688, 0.10328151285648346, 0.11881480365991592, 0.13336627185344696, 0.10258222371339798, 0.08105933666229248, 0.10958842188119888, 0.07670973241329193, 0.06686445325613022, 0.07959049195051193, 0.09305968135595322, 0.06922973692417145, 0.061191074550151825, 0.0528235137462616, 0.11400396376848221], "val_accuracy": [0.0, 0.0, 0.0, 0.0, 0.0, 0.0, 0.0, 0.0, 0.0, 0.0, 0.0, 0.0, 0.0, 0.0, 0.0, 0.0, 0.0, 0.0, 0.0, 0.0, 0.0, 0.0, 0.0, 0.0, 0.0]}