{"loss": [3.629000663757324], "accuracy": [0.0], "val_loss": [0.08933380246162415], "val_accuracy": [0.0]}