{"loss": [77.19793701171875, 0.8054730892181396, 0.17757152020931244, 0.14619101583957672, 0.10273822396993637, 0.10991564393043518, 0.08853837847709656, 0.08589144796133041, 0.07990762591362, 0.09174804389476776, 0.07365372031927109, 0.0815228596329689, 0.07689777761697769, 0.07978647202253342, 0.07376925647258759, 0.0814470425248146, 0.07276375591754913, 0.15607555210590363, 0.07520074397325516, 0.05818064510822296, 0.09089311957359314, 0.10732272267341614, 0.07395289838314056, 0.057117193937301636, 0.05209207534790039, 0.05897492170333862, 0.05361832305788994, 0.05358264595270157, 0.053027741611003876, 0.07706638425588608, 0.05865400284528732, 0.0463089719414711, 0.09789694100618362, 0.06173203885555267, 0.06480824202299118, 0.07780997455120087, 0.06718915700912476, 0.05700169503688812, 0.0500616692006588, 0.06043865904211998, 0.06525007635354996, 0.045855212956666946, 0.09720480442047119, 0.0516999214887619, 0.056825973093509674, 0.11754842102527618, 0.04825771600008011, 0.038262732326984406, 0.26112762093544006, 0.05751609429717064], "accuracy": [0.0, 0.0, 0.0, 0.0, 0.0, 0.0, 0.0, 0.0, 0.0, 0.0, 0.0, 0.0, 0.0, 0.0, 0.0, 0.0, 0.0, 0.0, 0.0, 0.0, 0.0, 0.0, 0.0, 0.0, 0.0, 0.0, 0.0, 0.0, 0.0, 0.0, 0.0, 0.0, 0.0, 0.0, 0.0, 0.0, 0.0, 0.0, 0.0, 0.0, 0.0, 0.0, 0.0, 0.0, 0.0, 0.0, 0.0, 0.0, 0.0, 0.0], "val_loss": [2.4631593227386475, 0.1570001095533371, 0.16202928125858307, 0.09060221165418625, 0.08200281113386154, 0.11379740387201309, 0.08282003551721573, 0.07805778831243515, 0.09928923100233078, 0.08446488529443741, 0.07382964342832565, 0.08255433291196823, 0.0684695839881897, 0.09383770078420639, 0.054864514619112015, 0.07152285426855087, 0.12430113554000854, 0.06721599400043488, 0.06417816877365112, 0.053224075585603714, 0.07281291484832764, 0.09246932715177536, 0.06145809218287468, 0.04289107024669647, 0.04689066857099533, 0.05322793871164322, 0.096035435795784, 0.058179374784231186, 0.04610089957714081, 0.0827469602227211, 0.049653973430395126, 0.07379412651062012, 0.11990202963352203, 0.055114392191171646, 0.13882610201835632, 0.1925126016139984, 0.03931578993797302, 0.044690635055303574, 0.07008053362369537, 0.08147414028644562, 0.04603568837046623, 0.0416744202375412, 0.08518693596124649, 0.039947547018527985, 0.08947400748729706, 0.03721596673130989, 0.04358275607228279, 0.031178917735815048, 0.05040551349520683, 0.04678519815206528], "val_accuracy": [0.0, 0.0, 0.0, 0.0, 0.0, 0.0, 0.0, 0.0, 0.0, 0.0, 0.0, 0.0, 0.0, 0.0, 0.0, 0.0, 0.0, 0.0, 0.0, 0.0, 0.0, 0.0, 0.0, 0.0, 0.0, 0.0, 0.0, 0.0, 0.0, 0.0, 0.0, 0.0, 0.0, 0.0, 0.0, 0.0, 0.0, 0.0, 0.0, 0.0, 0.0, 0.0, 0.0, 0.0, 0.0, 0.0, 0.0, 0.0, 0.0, 0.0]}