{"loss": [0.8008691668510437, 0.11951964348554611, 0.0714612603187561, 0.05139941722154617, 0.0366966612637043, 0.041181862354278564, 0.031147612258791924, 0.02831079252064228, 0.02684650383889675, 0.026761043816804886, 0.026045747101306915, 0.02647313103079796, 0.02493804320693016, 0.02386058121919632, 0.02517109178006649, 0.02402237430214882, 0.027431095018982887, 0.025039497762918472, 0.02403503656387329, 0.02472585067152977, 0.024626474827528, 0.023809686303138733, 0.022128067910671234, 0.02279665507376194, 0.024272676557302475], "accuracy": [0.0, 0.0, 0.0, 0.0, 0.0, 0.0, 0.0, 0.0, 0.0, 0.0, 0.0, 0.0, 0.0, 0.0, 0.0, 0.0, 0.0, 0.0, 0.0, 0.0, 0.0, 0.0, 0.0, 0.0, 0.0], "val_loss": [0.17701499164104462, 0.08955516666173935, 0.05377990007400513, 0.04693957045674324, 0.03541025519371033, 0.030380113050341606, 0.03435494378209114, 0.026932915672659874, 0.025587666779756546, 0.025133436545729637, 0.031033441424369812, 0.025861548259854317, 0.024525823071599007, 0.023210154846310616, 0.02543974667787552, 0.022753186523914337, 0.023231947794556618, 0.02767770178616047, 0.024520352482795715, 0.024134937673807144, 0.02193855307996273, 0.022072594612836838, 0.02220255136489868, 0.025106117129325867, 0.022412028163671494], "val_accuracy": [0.0, 0.0, 0.0, 0.0, 0.0, 0.0, 0.0, 0.0, 0.0, 0.0, 0.0, 0.0, 0.0, 0.0, 0.0, 0.0, 0.0, 0.0, 0.0, 0.0, 0.0, 0.0, 0.0, 0.0, 0.0]}