{"loss": [6.93027925491333, 0.3375607430934906, 0.17345449328422546, 0.06983687728643417, 0.04930257424712181, 0.05070013552904129, 0.03807730972766876, 0.03607027977705002, 0.04141347110271454, 0.041332393884658813, 0.03313366696238518, 0.03404482454061508, 0.03211713209748268, 0.03124520741403103, 0.03127188980579376, 0.0410371869802475, 0.04407185688614845, 0.03404663875699043, 0.029595814645290375, 0.030616162344813347, 0.027613073587417603, 0.05508417636156082, 0.026363039389252663, 0.024793550372123718, 0.024392055347561836, 0.02321545034646988, 0.03226996958255768, 0.023716900497674942, 0.021960308775305748, 0.02350982092320919, 0.021682197228074074, 0.022197695448994637, 0.024220464751124382, 0.02501932717859745, 0.022572195157408714, 0.0215101707726717, 0.02259032055735588, 0.02186983823776245, 0.020880499854683876, 0.023717040196061134, 0.03373442962765694, 0.025773849338293076, 0.020888134837150574, 0.024015694856643677, 0.02739977091550827, 0.03038838692009449, 0.02097345143556595, 0.02038145624101162, 0.020198887214064598, 0.020695770159363747, 0.02136870287358761, 0.023692652583122253, 0.02093779481947422, 0.020639991387724876, 0.021312588825821877, 0.027840295806527138, 0.021865902468562126, 0.020688341930508614, 0.020556708797812462, 0.02062668465077877, 0.02127985469996929, 0.02040315978229046, 0.02552146092057228, 0.02239045314490795, 0.025332292541861534, 0.02435106411576271, 0.02135283499956131, 0.022827034816145897, 0.021697886288166046, 0.022371120750904083, 0.02628566324710846, 0.020411256700754166, 0.02036755159497261, 0.02272019162774086, 0.020798122510313988, 0.020018095150589943, 0.02389845997095108, 0.02360096015036106, 0.02236100099980831, 0.022249149158596992, 0.02005608007311821, 0.020006723701953888, 0.021014520898461342, 0.033459071069955826, 0.033439990133047104, 0.0220953281968832, 0.02149847149848938, 0.020616043359041214, 0.02030283585190773, 0.02237643115222454, 0.020267874002456665, 0.019640764221549034, 0.019699979573488235, 0.020570475608110428, 0.019672811031341553, 0.01937400922179222, 0.019772760570049286, 0.0200385469943285, 0.021022411063313484, 0.02052569016814232], "accuracy": [0.0, 0.0, 0.0, 0.0, 0.0, 0.0, 0.0, 0.0, 0.0, 0.0, 0.0, 0.0, 0.0, 0.0, 0.0, 0.0, 0.0, 0.0, 0.0, 0.0, 0.0, 0.0, 0.0, 0.0, 0.0, 0.0, 0.0, 0.0, 0.0, 0.0, 0.0, 0.0, 0.0, 0.0, 0.0, 0.0, 0.0, 0.0, 0.0, 0.0, 0.0, 0.0, 0.0, 0.0, 0.0, 0.0, 0.0, 0.0, 0.0, 0.0, 0.0, 0.0, 0.0, 0.0, 0.0, 0.0, 0.0, 0.0, 0.0, 0.0, 0.0, 0.0, 0.0, 0.0, 0.0, 0.0, 0.0, 0.0, 0.0, 0.0, 0.0, 0.0, 0.0, 0.0, 0.0, 0.0, 0.0, 0.0, 0.0, 0.0, 0.0, 0.0, 0.0, 0.0, 0.0, 0.0, 0.0, 0.0, 0.0, 0.0, 0.0, 0.0, 0.0, 0.0, 0.0, 0.0, 0.0, 0.0, 0.0, 0.0], "val_loss": [0.49624818563461304, 0.30851131677627563, 0.09297598153352737, 0.04188566654920578, 0.04245162755250931, 0.03622850403189659, 0.0375995896756649, 0.032306525856256485, 0.04040568321943283, 0.030085507780313492, 0.02968011051416397, 0.02991696633398533, 0.028235215693712234, 0.02754155918955803, 0.035429880023002625, 0.029830021783709526, 0.031318917870521545, 0.02982259728014469, 0.025741253048181534, 0.024670107290148735, 0.02496384270489216, 0.03050386533141136, 0.024452172219753265, 0.02337038144469261, 0.022188277915120125, 0.02309935726225376, 0.025957016274333, 0.021829012781381607, 0.022212576121091843, 0.021766800433397293, 0.021136075258255005, 0.02492808923125267, 0.022013286128640175, 0.03294949233531952, 0.022217271849513054, 0.021531155332922935, 0.020633161067962646, 0.020852234214544296, 0.02038687653839588, 0.03177435323596001, 0.030469834804534912, 0.02398773655295372, 0.020075907930731773, 0.02778136171400547, 0.02366475947201252, 0.020191073417663574, 0.019915062934160233, 0.020802892744541168, 0.01998344250023365, 0.025205979123711586, 0.01979827880859375, 0.020127760246396065, 0.02016368694603443, 0.020673843100667, 0.02715998888015747, 0.022898642346262932, 0.020662039518356323, 0.020192183554172516, 0.019822493195533752, 0.025592932477593422, 0.019787156954407692, 0.02175828441977501, 0.019750354811549187, 0.029801445081830025, 0.020744578912854195, 0.02408720925450325, 0.024332530796527863, 0.021510545164346695, 0.019860148429870605, 0.02185814268887043, 0.023105112835764885, 0.021008960902690887, 0.02371937222778797, 0.019622735679149628, 0.019481413066387177, 0.020213043317198753, 0.029713060706853867, 0.021384868770837784, 0.019879579544067383, 0.022675147280097008, 0.020573850721120834, 0.020478297024965286, 0.020641367882490158, 0.021083181723952293, 0.032088279724121094, 0.019320454448461533, 0.019540322944521904, 0.019695237278938293, 0.0194656103849411, 0.020401738584041595, 0.01993817649781704, 0.019872333854436874, 0.020435050129890442, 0.020415103062987328, 0.01913946121931076, 0.019230687990784645, 0.019675128161907196, 0.020823627710342407, 0.027013767510652542, 0.020155256614089012], "val_accuracy": [0.0, 0.0, 0.0, 0.0, 0.0, 0.0, 0.0, 0.0, 0.0, 0.0, 0.0, 0.0, 0.0, 0.0, 0.0, 0.0, 0.0, 0.0, 0.0, 0.0, 0.0, 0.0, 0.0, 0.0, 0.0, 0.0, 0.0, 0.0, 0.0, 0.0, 0.0, 0.0, 0.0, 0.0, 0.0, 0.0, 0.0, 0.0, 0.0, 0.0, 0.0, 0.0, 0.0, 0.0, 0.0, 0.0, 0.0, 0.0, 0.0, 0.0, 0.0, 0.0, 0.0, 0.0, 0.0, 0.0, 0.0, 0.0, 0.0, 0.0, 0.0, 0.0, 0.0, 0.0, 0.0, 0.0, 0.0, 0.0, 0.0, 0.0, 0.0, 0.0, 0.0, 0.0, 0.0, 0.0, 0.0, 0.0, 0.0, 0.0, 0.0, 0.0, 0.0, 0.0, 0.0, 0.0, 0.0, 0.0, 0.0, 0.0, 0.0, 0.0, 0.0, 0.0, 0.0, 0.0, 0.0, 0.0, 0.0, 0.0]}