{"loss": [17.610034942626953, 0.7620879411697388, 0.15653811395168304, 0.062956802546978, 0.06276853382587433, 0.05968080461025238, 0.05638060346245766, 0.05594591051340103, 0.0555613748729229, 0.0505758635699749, 0.049661558121442795, 0.045845214277505875, 0.047696538269519806, 0.03775295987725258, 0.03109736181795597, 0.03036193735897541, 0.027683908119797707, 0.03387647494673729, 0.03515296056866646, 0.030412383377552032, 0.027069611474871635, 0.029866106808185577, 0.025853194296360016, 0.02737397514283657, 0.025708414614200592, 0.027284814044833183, 0.027775630354881287, 0.025916701182723045, 0.028189966455101967, 0.03301520273089409, 0.024399284273386, 0.024774527177214622, 0.023942049592733383, 0.023939112201333046, 0.022952590137720108, 0.022305354475975037, 0.023203890770673752, 0.022371744737029076, 0.02169346995651722, 0.024012843146920204, 0.02202935889363289, 0.02171238884329796, 0.02202434651553631, 0.03102317824959755, 0.023620594292879105, 0.022627776488661766, 0.025149816647171974, 0.025926705449819565, 0.021857382729649544, 0.023656023666262627], "accuracy": [0.0, 0.0, 0.0, 0.0, 0.0, 0.0, 0.0, 0.0, 0.0, 0.0, 0.0, 0.0, 0.0, 0.0, 0.0, 0.0, 0.0, 0.0, 0.0, 0.0, 0.0, 0.0, 0.0, 0.0, 0.0, 0.0, 0.0, 0.0, 0.0, 0.0, 0.0, 0.0, 0.0, 0.0, 0.0, 0.0, 0.0, 0.0, 0.0, 0.0, 0.0, 0.0, 0.0, 0.0, 0.0, 0.0, 0.0, 0.0, 0.0, 0.0], "val_loss": [1.2840911149978638, 0.37667322158813477, 0.08954323083162308, 0.06105317547917366, 0.05649488419294357, 0.0556495226919651, 0.053986843675374985, 0.05449648201465607, 0.05511476472020149, 0.04790325090289116, 0.05322869494557381, 0.04095471650362015, 0.04449036344885826, 0.029760487377643585, 0.028493938967585564, 0.02577018365263939, 0.024913489818572998, 0.07598074525594711, 0.03237345442175865, 0.02995709516108036, 0.03607373684644699, 0.02557147666811943, 0.025949552655220032, 0.03630289062857628, 0.0231268759816885, 0.04861318692564964, 0.02288483828306198, 0.02274073287844658, 0.03961683064699173, 0.02289094403386116, 0.025319630280137062, 0.026748688891530037, 0.02196589484810829, 0.02192629687488079, 0.022103486582636833, 0.024655194953083992, 0.021752869710326195, 0.023513443768024445, 0.02378196083009243, 0.027066869661211967, 0.020827971398830414, 0.02197897993028164, 0.021077744662761688, 0.02189706824719906, 0.025688927620649338, 0.02849878929555416, 0.03042181208729744, 0.02064233087003231, 0.022787895053625107, 0.021987101063132286], "val_accuracy": [0.0, 0.0, 0.0, 0.0, 0.0, 0.0, 0.0, 0.0, 0.0, 0.0, 0.0, 0.0, 0.0, 0.0, 0.0, 0.0, 0.0, 0.0, 0.0, 0.0, 0.0, 0.0, 0.0, 0.0, 0.0, 0.0, 0.0, 0.0, 0.0, 0.0, 0.0, 0.0, 0.0, 0.0, 0.0, 0.0, 0.0, 0.0, 0.0, 0.0, 0.0, 0.0, 0.0, 0.0, 0.0, 0.0, 0.0, 0.0, 0.0, 0.0]}