{"loss": [8.88548469543457], "accuracy": [0.0], "val_loss": [1.239776849746704], "val_accuracy": [0.0]}