{"loss": [4.447736740112305, 0.05242001265287399, 0.045882947742938995, 0.04391275718808174, 0.045121852308511734, 0.042336348444223404, 0.04165695235133171, 0.03974870592355728, 0.03958192467689514, 0.03832569718360901, 0.03756853565573692, 0.03665512427687645, 0.037330541759729385, 0.0350419245660305, 0.033444467931985855, 0.03332436829805374, 0.03245893120765686, 0.035046935081481934, 0.030523020774126053, 0.031169500201940536, 0.028858520090579987, 0.028199858963489532, 0.028699686750769615, 0.029198016971349716, 0.027845127508044243, 0.0303356796503067, 0.0267862007021904, 0.029011305421590805, 0.02621883898973465, 0.02503426931798458, 0.035926029086112976, 0.02579297125339508, 0.023902736604213715, 0.02855554409325123, 0.023506268858909607, 0.023643508553504944, 0.022553371265530586, 0.024073733016848564, 0.02194724604487419, 0.022834161296486855, 0.0213488582521677, 0.022160381078720093, 0.021146943792700768, 0.021751970052719116, 0.021390113979578018, 0.021473096683621407, 0.021474596112966537, 0.02247517742216587, 0.02152670919895172, 0.020962895825505257, 0.026301942765712738, 0.021467430517077446, 0.020512791350483894, 0.025221945717930794, 0.020932961255311966, 0.01977325789630413, 0.021948322653770447, 0.021064674481749535, 0.023800473660230637, 0.021661119535565376, 0.021313698962330818, 0.02036292664706707, 0.01964022032916546, 0.021756185218691826, 0.021564003080129623, 0.01995500549674034, 0.020225994288921356, 0.022798417136073112, 0.023647116497159004, 0.02076440304517746, 0.020021505653858185, 0.024560386314988136, 0.01974208652973175, 0.02053760178387165, 0.019679248332977295, 0.020461512729525566, 0.02121802791953087, 0.020102452486753464, 0.02089162915945053, 0.023925086483359337, 0.02046181447803974, 0.01993563398718834, 0.02035653404891491, 0.02046867460012436, 0.02103213220834732, 0.020706545561552048, 0.02048097737133503, 0.021303292363882065, 0.02036025933921337, 0.020457256585359573, 0.019717097282409668, 0.024273067712783813, 0.01970459334552288, 0.019491566345095634, 0.020377513021230698, 0.020611710846424103, 0.019506284967064857, 0.02051989547908306, 0.023936115205287933, 0.020025530830025673], "accuracy": [0.0, 0.0, 0.0, 0.0, 0.0, 0.0, 0.0, 0.0, 0.0, 0.0, 0.0, 0.0, 0.0, 0.0, 0.0, 0.0, 0.0, 0.0, 0.0, 0.0, 0.0, 0.0, 0.0, 0.0, 0.0, 0.0, 0.0, 0.0, 0.0, 0.0, 0.0, 0.0, 0.0, 0.0, 0.0, 0.0, 0.0, 0.0, 0.0, 0.0, 0.0, 0.0, 0.0, 0.0, 0.0, 0.0, 0.0, 0.0, 0.0, 0.0, 0.0, 0.0, 0.0, 0.0, 0.0, 0.0, 0.0, 0.0, 0.0, 0.0, 0.0, 0.0, 0.0, 0.0, 0.0, 0.0, 0.0, 0.0, 0.0, 0.0, 0.0, 0.0, 0.0, 0.0, 0.0, 0.0, 0.0, 0.0, 0.0, 0.0, 0.0, 0.0, 0.0, 0.0, 0.0, 0.0, 0.0, 0.0, 0.0, 0.0, 0.0, 0.0, 0.0, 0.0, 0.0, 0.0, 0.0, 0.0, 0.0, 0.0], "val_loss": [0.07917080819606781, 0.044717494398355484, 0.04448966309428215, 0.048301953822374344, 0.041496966034173965, 0.04022282734513283, 0.03896893933415413, 0.04220897704362869, 0.03719758242368698, 0.03654978424310684, 0.035186465829610825, 0.03882874175906181, 0.033117156475782394, 0.03853588178753853, 0.03610936552286148, 0.03764244541525841, 0.03159795701503754, 0.029375378042459488, 0.03068583831191063, 0.027262328192591667, 0.027072424069046974, 0.026186175644397736, 0.026459362357854843, 0.02762524038553238, 0.027519086375832558, 0.026327038183808327, 0.023803574964404106, 0.03060833364725113, 0.023254139348864555, 0.036223459988832474, 0.0477227084338665, 0.022241923958063126, 0.02786560170352459, 0.02388584613800049, 0.0213751383125782, 0.022460661828517914, 0.021088136360049248, 0.027957109734416008, 0.021580176427960396, 0.02246670238673687, 0.02435123920440674, 0.023868625983595848, 0.02054538019001484, 0.019765160977840424, 0.02079004980623722, 0.02008158154785633, 0.02066201902925968, 0.019684772938489914, 0.019797801971435547, 0.019659489393234253, 0.024518631398677826, 0.020664392039179802, 0.02249513752758503, 0.019897131249308586, 0.021703653037548065, 0.019200986251235008, 0.02165484055876732, 0.02016921155154705, 0.03484119847416878, 0.022105539217591286, 0.022243760526180267, 0.019664010033011436, 0.019514866173267365, 0.020880453288555145, 0.01927381195127964, 0.019686447456479073, 0.019884109497070312, 0.025270529091358185, 0.0227813757956028, 0.02067648619413376, 0.019862361252307892, 0.020047536119818687, 0.019277293235063553, 0.02002323791384697, 0.019366513937711716, 0.0198446623980999, 0.023381249979138374, 0.018962286412715912, 0.02063252218067646, 0.019257131963968277, 0.018922830000519753, 0.03414925932884216, 0.019145449623465538, 0.019098062068223953, 0.020533110946416855, 0.02228781208395958, 0.026658372953534126, 0.02535346895456314, 0.019265135750174522, 0.0197340939193964, 0.019128166139125824, 0.020283998921513557, 0.018924379721283913, 0.019020073115825653, 0.020198382437229156, 0.01975857838988304, 0.019012147560715675, 0.019689075648784637, 0.019788283854722977, 0.019164444878697395], "val_accuracy": [0.0, 0.0, 0.0, 0.0, 0.0, 0.0, 0.0, 0.0, 0.0, 0.0, 0.0, 0.0, 0.0, 0.0, 0.0, 0.0, 0.0, 0.0, 0.0, 0.0, 0.0, 0.0, 0.0, 0.0, 0.0, 0.0, 0.0, 0.0, 0.0, 0.0, 0.0, 0.0, 0.0, 0.0, 0.0, 0.0, 0.0, 0.0, 0.0, 0.0, 0.0, 0.0, 0.0, 0.0, 0.0, 0.0, 0.0, 0.0, 0.0, 0.0, 0.0, 0.0, 0.0, 0.0, 0.0, 0.0, 0.0, 0.0, 0.0, 0.0, 0.0, 0.0, 0.0, 0.0, 0.0, 0.0, 0.0, 0.0, 0.0, 0.0, 0.0, 0.0, 0.0, 0.0, 0.0, 0.0, 0.0, 0.0, 0.0, 0.0, 0.0, 0.0, 0.0, 0.0, 0.0, 0.0, 0.0, 0.0, 0.0, 0.0, 0.0, 0.0, 0.0, 0.0, 0.0, 0.0, 0.0, 0.0, 0.0, 0.0]}