{"loss": [3.5493433475494385, 0.7249176502227783, 0.2103804349899292, 0.0803956612944603, 0.04797199368476868, 0.04146907478570938, 0.037921834737062454, 0.037161242216825485, 0.03566071391105652, 0.03448137268424034, 0.033186085522174835, 0.03415973111987114, 0.03230004012584686, 0.030505558475852013, 0.029810314998030663, 0.03030875138938427, 0.029437515884637833, 0.02861126884818077, 0.027745816856622696, 0.02744230441749096, 0.028981687501072884, 0.026517199352383614, 0.026145417243242264, 0.02658434771001339, 0.026079712435603142, 0.024662023410201073, 0.02495233528316021, 0.024316411465406418, 0.02467522583901882, 0.024618038907647133, 0.024163946509361267, 0.024902313947677612, 0.02317516878247261, 0.022480787709355354, 0.023391541093587875, 0.022231075912714005, 0.023709643632173538, 0.022316301241517067, 0.022248340770602226, 0.022752901539206505, 0.022321296855807304, 0.0219749603420496, 0.021742047742009163, 0.021520433947443962, 0.022317595779895782, 0.035160839557647705, 0.02627699263393879, 0.020927580073475838, 0.02155100181698799, 0.02117549441754818], "accuracy": [0.0, 0.0, 0.0, 0.0, 0.0, 0.0, 0.0, 0.0, 0.0, 0.0, 0.0, 0.0, 0.0, 0.0, 0.0, 0.0, 0.0, 0.0, 0.0, 0.0, 0.0, 0.0, 0.0, 0.0, 0.0, 0.0, 0.0, 0.0, 0.0, 0.0, 0.0, 0.0, 0.0, 0.0, 0.0, 0.0, 0.0, 0.0, 0.0, 0.0, 0.0, 0.0, 0.0, 0.0, 0.0, 0.0, 0.0, 0.0, 0.0, 0.0], "val_loss": [1.091619610786438, 0.30380019545555115, 0.11243137717247009, 0.06789780408143997, 0.04693011939525604, 0.040606047958135605, 0.036830559372901917, 0.03606688603758812, 0.03556506708264351, 0.03240186721086502, 0.033189840614795685, 0.03198987618088722, 0.029846569523215294, 0.029109271243214607, 0.02842535451054573, 0.02779051847755909, 0.03042001836001873, 0.027947688475251198, 0.02631527930498123, 0.02597910910844803, 0.025355998426675797, 0.02570841647684574, 0.026647238060832024, 0.024305619299411774, 0.02439471147954464, 0.02357298508286476, 0.027540769428014755, 0.02396683394908905, 0.02269841730594635, 0.02403770014643669, 0.0224895216524601, 0.026229022070765495, 0.022069772705435753, 0.021827679127454758, 0.02189762331545353, 0.025132102891802788, 0.02170610800385475, 0.021336035802960396, 0.025580845773220062, 0.022273655980825424, 0.021579138934612274, 0.020771143957972527, 0.020617149770259857, 0.02066940814256668, 0.020506007596850395, 0.03034091182053089, 0.02024706080555916, 0.020122608169913292, 0.020229725167155266, 0.0223787073045969], "val_accuracy": [0.0, 0.0, 0.0, 0.0, 0.0, 0.0, 0.0, 0.0, 0.0, 0.0, 0.0, 0.0, 0.0, 0.0, 0.0, 0.0, 0.0, 0.0, 0.0, 0.0, 0.0, 0.0, 0.0, 0.0, 0.0, 0.0, 0.0, 0.0, 0.0, 0.0, 0.0, 0.0, 0.0, 0.0, 0.0, 0.0, 0.0, 0.0, 0.0, 0.0, 0.0, 0.0, 0.0, 0.0, 0.0, 0.0, 0.0, 0.0, 0.0, 0.0]}