{"loss": [5.255919933319092], "accuracy": [0.0], "val_loss": [0.3389565944671631], "val_accuracy": [0.0]}