{"loss": [7.244054794311523, 0.07707737386226654, 0.04454711452126503, 0.03903113305568695, 0.052876219153404236, 0.038828905671834946, 0.03569117560982704, 0.04944293573498726, 0.034537479281425476, 0.04438421130180359, 0.03221511468291283, 0.03239700198173523, 0.03554541990160942, 0.029104596003890038, 0.032637663185596466, 0.02882983349263668, 0.028763359412550926, 0.028395334258675575, 0.031045572832226753, 0.02784249745309353, 0.02671632543206215, 0.028970858082175255, 0.02901468053460121, 0.029107332229614258, 0.02772325649857521], "accuracy": [0.0, 0.0, 0.0, 0.0, 0.0, 0.0, 0.0, 0.0, 0.0, 0.0, 0.0, 0.0, 0.0, 0.0, 0.0, 0.0, 0.0, 0.0, 0.0, 0.0, 0.0, 0.0, 0.0, 0.0, 0.0], "val_loss": [0.19853180646896362, 0.07403405010700226, 0.036112815141677856, 0.0344146303832531, 0.0409557931125164, 0.036964938044548035, 0.03116626851260662, 0.03099927492439747, 0.029776431620121002, 0.033960890024900436, 0.032736580818891525, 0.028150049969553947, 0.028006145730614662, 0.028515538200736046, 0.030441876500844955, 0.026174871250987053, 0.027394583448767662, 0.03220163658261299, 0.025526942685246468, 0.026396866887807846, 0.028987092897295952, 0.029540996998548508, 0.02526802383363247, 0.02442198246717453, 0.02479810267686844], "val_accuracy": [0.0, 0.0, 0.0, 0.0, 0.0, 0.0, 0.0, 0.0, 0.0, 0.0, 0.0, 0.0, 0.0, 0.0, 0.0, 0.0, 0.0, 0.0, 0.0, 0.0, 0.0, 0.0, 0.0, 0.0, 0.0]}